{
    "appid": "wx19d04e6c444c9b60",
    "compileType": "miniprogram",
    "libVersion": "3.6.2",
    "packOptions": {
        "ignore": [],
        "include": []
    },
    "setting": {
        "coverView": true,
        "es6": true,
        "postcss": true,
        "minified": true,
        "enhance": true,
        "showShadowRootInWxmlPanel": true,
        "packNpmRelationList": [],
        "babelSetting": {
            "ignore": [],
            "disablePlugins": [],
            "outputPath": ""
        },
        "compileWorklet": false,
        "uglifyFileName": false,
        "uploadWithSourceMap": true,
        "packNpmManually": false,
        "minifyWXSS": true,
        "minifyWXML": true,
        "localPlugins": false,
        "disableUseStrict": false,
        "useCompilerPlugins": false,
        "condition": false,
        "swc": false,
        "disableSWC": true
    },
    "condition": {},
    "editorSetting": {
        "tabIndent": "insertSpaces",
        "tabSize": 4
    },
    "simulatorPluginLibVersion": {}
}